VendorId,Code,VendorName,ManufacturerName,ProductCount,UniquePartNumbers
1711683,9866,Champro Sports,CHAMPRO SPORTS,2081500,50501
1711720,,Draper,Draper,524314,31395
12251,,School Specialty,School Specialty,498845,22795
11272,,school specialty,School Specialty,498845,22795
13020,,School specialty,School Specialty,498845,22795
14710,,School Specialty,School Specialty,498845,22795
12926,,School Specialty,School Specialty,498845,22795
11609,,School Specialty,School Specialty,498845,22795
12181,,School Specialty,School Specialty,498845,22795
11271,,School Specialty,School Specialty,498845,22795
13007,,School Specialty,School Specialty,498845,22795
15145,9641,Teacher Created Resources,Teacher Created Resources,431030,10978
1711350,,MARTIN SPORTS,Martin Sports,409462,12353
1711629,,5.11 Tactical,5.11 TACTICAL,277060,4011
1117780,R742,FLAGSHIP CARPETS,FLAGSHIP CARPETS,239579,5884
7760,T075,Lakeshore Learning Materials,LAKESHORE LEARNING MATERIALS,221363,13393
1427799,,champion sports,Champion Sports,217592,6769
6429,7396,CHAMPION SPORTS,Champion Sports,217592,6769
6235,7200,Schneider Electric,SCHNEIDER ELECTRIC,211422,10621
15088,5539,OFFICE STAR PRODUCTS,Office Star Products,194400,11656
14578,,GILL ATHLETICS,GILL ATHLETICS,177695,9477
12710,,GILL ATHLETICS,GILL ATHLETICS,177695,9477
6745,7733,DELTA EDUCATION,DELTA EDUCATION,169302,2481
5621,6464,BISON,BISON,163216,5913
10954,,REALLY GOOD STUFF,REALLY GOOD STUFF,149623,14374
10953,,REALLY GOOD STUFF,REALLY GOOD STUFF,149623,14374
10952,,REALLY GOOD STUFF,Really Good Stuff,149623,14374
1429887,,Frey Scientific,FREY SCIENTIFIC,135211,5711
12937,,Frey Scientific,FREY SCIENTIFIC,135211,5711
1615049,,BSN ,BSN,121254,32820
1615050,,BSN ,BSN,121254,32820
1711307,,BSN,BSN,121254,32820
1711677,,BSN,BSN,121254,32820
11160,,Blick,Blick,116341,12514
1623593,,Blick,Blick,116341,12514
1001,0981,"Jonti-Craft, Inc.","Jonti-Craft, Inc.",113502,3695
12850,6882,SALSBURY INDUSTRIES,Salsbury Industries,112137,9506
6057,7025,TREND ENTERPRISES INC.,TREND ENTERPRISES INC.,97518,2526
1610699,,Master Lock,MASTER LOCK,91435,4841
15842,,Anvil,ANVIL,88463,3336
1623581,,EPSON,Epson,81756,9755
13475,0603,AmTab Manufacturing Corporation,AmTab Manufacturing Corporation,80652,897
15096,,Power Systems,POWER SYSTEMS,80373,2804
1711143,,EUREKA,Eureka,75364,2270
612,058A,NASCO,Nasco,71239,14007
968,094A,NASCO,Nasco,71239,14007
13858,,Nasco,Nasco,71239,14007
10099,,NASCO,Nasco,71239,14007
1403730,,nasco,Nasco,71239,14007
11111,,kimberly clark,KIMBERLY CLARK,68681,4028
14573,,EAI Education,EAI Education,63679,1732
1594,1597,BLACK BOX,BLACK BOX,61388,22843
1432366,,Rubbermaid,Rubbermaid,57911,4750
12923,,Pitsco,Pitsco,57502,2225
1403756,,3B Scientific,3B SCIENTIFIC,56382,2663
15444,,BSN Sports,BSN SPORTS,53965,1512
1432229,,BSN Sports,BSN SPORTS,53965,1512
1623230,,BSN Sports,BSN SPORTS,53965,1512
1711356,,BSN Sports,BSN SPORTS,53965,1512
1427816,,BSN SPORTS,BSN SPORTS,53965,1512
1623517,,BSN Sports,BSN SPORTS,53965,1512
1615010,,BSN Sports,BSN SPORTS,53965,1512
1711639,,BSN Sports,BSN SPORTS,53965,1512
15945,,BSN SPORTS,BSN SPORTS,53965,1512
1432310,,BSN SPORTS,BSN SPORTS,53965,1512
15943,,BSN SPORTS,BSN SPORTS,53965,1512
1711655,,BSN Sports,BSN SPORTS,53965,1512
1623260,,BSN sports,BSN SPORTS,53965,1512
12700,,BSN SPORTS,BSN SPORTS,53965,1512
1432460,,BSN SPORTS,BSN SPORTS,53965,1512
1610769,,BSN SPORTS,BSN SPORTS,53965,1512
1623189,,BSN SPORTS,BSN SPORTS,53965,1512
1623190,,BSN SPORTS,BSN SPORTS,53965,1512
1623228,,BSN Sports,BSN SPORTS,53965,1512
1610773,,BSN Sports,BSN SPORTS,53965,1512
1711355,,BSN Sports,BSN SPORTS,53965,1512
1610768,,BSN SPORTS,BSN SPORTS,53965,1512
1432309,,BSN SPORTS,BSN SPORTS,53965,1512
15479,,Luxor,Luxor,52346,3035
5636,6480,DIXON TICONDEROGA COMPANY,Dixon Ticonderoga Company,50437,3520
12334,,DEMCO,DEMCO,48827,26129
5092,5766,DISCOUNT SCHOOL SUPPLY,DISCOUNT SCHOOL SUPPLY,43774,14803
2429,2463,Discount School Supply,DISCOUNT SCHOOL SUPPLY,43774,14803
9140,,Discount School Supply,DISCOUNT SCHOOL SUPPLY,43774,14803
1623422,,Nike,Nike,40137,4660
1711249,9718,AquaPhoenix Scientific ,AQUAPHOENIX SCIENTIFIC,39230,3426
1623212,,Lakeshore,Lakeshore,37356,6132
9474,,Sportime,SPORTIME,32629,1339
1431971,,Sportime,SPORTIME,32629,1339
10675,,Sportime,SPORTIME,32629,1339
9591,,Sportime,SPORTIME,32629,1339
11333,,Arbor Scientific,ARBOR SCIENTIFIC,32536,1390
15807,,Arbor Scientific,ARBOR SCIENTIFIC,32536,1390
1711121,9656,NewPath Learning ,NewPath Learning,30558,1489
4166,4218,VOLLRATH,Vollrath,29496,1039
1908,1926,LINCOLN ELECTRIC,Lincoln Electric    ,29440,1864
15652,,Edvotek,EDVOTEK,27751,314
795,0777,"The Library Store, Inc.","The Library Store, Inc.",26949,1194
1623237,,York,York,26571,1400
10463,,COVER SPORTS USA,Cover Sports USA,26095,1016
15669,,Rubbermaid Commercial,RUBBERMAID COMMERCIAL,25825,907
12963,,Staples,Staples,25632,10888
1610575,,Staples,Staples,25632,10888
1620906,,Staples,Staples,25632,10888
9713,,Staples,Staples,25632,10888
11629,,Staples ,Staples,25632,10888
9732,,STAPLES,Staples,25632,10888
1623201,,Staples,Staples,25632,10888
11306,,Staples,Staples,25632,10888
1403763,,Staples,Staples,25632,10888
11628,,Staples ,Staples,25632,10888
14572,,Staples,Staples,25632,10888
13465,,Sirchie,Sirchie,25341,2159
1610779,,JBL,JBL,25084,2365
15789,,"Jonti-Craft, Inc ","JONTI-CRAFT, INC",24674,2312
13491,,GRAINGER,GRAINGER,24671,7387
6392,7359,GRAINGER,GRAINGER,24671,7387
14451,,grainger,GRAINGER,24671,7387
10031,,GRAINGER,GRAINGER,24671,7387
13061,,GRAINGER,GRAINGER,24671,7387
10345,,GRAINGER,GRAINGER,24671,7387
14045,,FLIPSIDE PRODUCTS INC,FLIPSIDE PRODUCTS INC,22973,539
3254,3277,3M Company,3M Company,22909,467
477,0453,3M COMPANY,3M Company,22909,467
14618,,Mikasa,Mikasa,22024,833
7730,T038,Scholastic,Scholastic,20471,702
15643,6667,ACME UNITED CORP.,ACME UNITED CORP.,19898,1448
12761,,United Supply Corp.,UNITED SUPPLY CORP.,17692,729
6417,7384,Kaplan Early Learning Company,Kaplan Early Learning Company,17477,4161
10607,,Kaplan Early Learning Company,Kaplan Early Learning Company,17477,4161
7636,9801,SOCIAL STUDIES SCHOOL SERVICE,SOCIAL STUDIES SCHOOL SERVICE,17246,256
7643,9808,SOCIAL STUDIES SCHOOL SERVICE,SOCIAL STUDIES SCHOOL SERVICE,17246,256
7468,9208,SOCIAL STUDIES SCHOOL SERVICE,SOCIAL STUDIES SCHOOL SERVICE,17246,256
1738,1748,"Really Good Stuff, LLC","Really Good Stuff, LLC",16753,9650
1610568,,Medline,Medline,16579,851
7932,T153,Teacher's Discovery,Teacher's Discovery,16007,3123
11331,,Teacher's Discovery,Teacher's Discovery,16007,3123
10233,,Teacher's Discovery,Teacher's Discovery,16007,3123
7249,8659,LEXMARK INTERNATIONAL,LEXMARK INTERNATIONAL,15592,3315
1019,0A63,SSS,SSS,14989,2211
9098,,American 3B Scientific,American 3B Scientific,14892,315
541,0518,Nasco Education LLC,NASCO EDUCATION LLC,14316,1161
9919,F086,NYSTROM                       ,Nystrom,14017,154
14473,,Tachikara,Tachikara,13235,697
6666,7653,tachikara,Tachikara,13235,697
1117700,7493,ENABLING DEVICES,ENABLING DEVICES,12789,316
12993,6879,OKLAHOMA SOUND,Oklahoma Sound,12757,575
15721,,Cardinal Health ,CARDINAL HEALTH,11155,239
15159,5730,SPALDING,Spalding,11115,480
7019,8319,WESCO,WESCO,10924,895
13175,8059,TOA ELECTRONICS,TOA Electronics,10863,847
11332,5180,Remedia Publications,Remedia Publications,10831,556
1623495,,Samson,Samson,9999,976
1623494,,Samson,Samson,9999,976
10658,,Infocus,INFOCUS,9989,2525
1711914,9954,Brown Dog Gadgets,BROWN DOG GADGETS,9304,105
13583,,Shoes for Crews,SHOES FOR CREWS,9081,191
3253,3276,IBM,IBM,9068,610
1711101,,GAMMA,GAMMA,8735,335
15776,,macgregor,MacGregor,8590,60
1623099,,Jaypro,Jaypro,8558,305
12985,,Adorama,Adorama,8368,1227
12987,,Adorama,Adorama,8368,1227
12969,,Adorama,Adorama,8368,1227
12986,,Adorama,Adorama,8368,1227
13197,,Adorama,Adorama,8368,1227
13861,,Cramer,Cramer,8334,540
1432286,,PROMOUNDS,promounds,8150,229
10018,8991,FrontRow,FRONTROW,7823,1083
1429880,R797,FRONTROW,FRONTROW,7823,1083
10943,5809,HANDWRITING WITHOUT TEARS,Handwriting Without Tears,7601,157
7456,9175,HAMMOND,Hammond,7530,2555
13662,,EMEDCO,EMEDCO,7399,62
1623488,,Dollamur Sport Surfaces,Dollamur Sport Surfaces,7351,336
4283,4339,DOLLAMUR SPORT SURFACES,Dollamur Sport Surfaces,7351,336
12366,,saunders,SAUNDERS,7347,277
13831,,Vernier,Vernier,7259,213
1711620,,Lindenmeyr Munroe,LINDENMEYR MUNROE,7112,631
515,0491,Lindenmeyr Munroe ,LINDENMEYR MUNROE,7112,631
1432325,,SCHUTT,Schutt,7048,384
1615037,,Global Industrial,GLOBAL INDUSTRIAL,6948,160
1432015,,Global Industrial,GLOBAL INDUSTRIAL,6948,160
15838,,Global Industrial ,GLOBAL INDUSTRIAL,6948,160
1432324,,Global Industrial ,GLOBAL INDUSTRIAL,6948,160
6312,7278,INTERNATIONAL PAPER,International Paper,6869,366
7446,9141,FRANK SCHAFFER PUBLICATIONS,FRANK SCHAFFER PUBLICATIONS,6579,531
13606,5592,RAWLINGS,Rawlings,6524,437
1623515,,Rawlings,Rawlings,6524,437
1711117,9654,Learning Without Tears,LEARNING WITHOUT TEARS,6425,98
1711893,,LEARNING WITHOUT TEARS,LEARNING WITHOUT TEARS,6425,98
10422,,Discovery Education ,Discovery Education,6411,253
1623572,,Amazon,AMAZON,6282,278
1623571,,amazon,AMAZON,6282,278
1711150,,AMAZON,AMAZON,6282,278
1623569,,Amazon,AMAZON,6282,278
13780,,amazon,AMAZON,6282,278
1623570,,amazon,AMAZON,6282,278
1711382,,Amazon,AMAZON,6282,278
1403780,,AMAZON,AMAZON,6282,278
1711360,,AMAZON,AMAZON,6282,278
552,0528,School Health Corporation ,SCHOOL HEALTH CORPORATION,6201,599
13999,,Garmin,Garmin,6068,1045
1432446,,Garmin,Garmin,6068,1045
14835,R336,NETGEAR,Netgear,6026,1063
4574,4648,WILSON SPORTING GOODS,WILSON SPORTING GOODS,5976,489
1432327,,Mueller Sports Medicine,MUELLER SPORTS MEDICINE,5957,813
1711435,,E-Z Up,E-Z UP,5873,686
15299,,E-Z Up,E-Z UP,5873,686
267,0249,Kimbo Educational,Kimbo Educational,5723,183
8703,,Kimbo Educational,Kimbo Educational,5723,183
8107,,Kimbo Educational,Kimbo Educational,5723,183
10957,,EIKI,Eiki,5577,2202
1623077,,Burmax,BURMAX,5558,1
15742,,STX,STX,5529,387
1623617,,STX,STX,5529,387
8231,T173,PRIMARY CONCEPTS,PRIMARY CONCEPTS,5139,279
6454,7421,ROCHESTER MIDLAND,ROCHESTER MIDLAND,4937,124
1825,1841,ROCHESTER MIDLAND,ROCHESTER MIDLAND,4937,124
1711911,T991,"Phoenix Safe International, LLC","Phoenix Safe International, LLC",4922,101
1566558,8868,"MooreCo, Inc.","MooreCo, Inc.",4919,1606
14788,,New Balance,NEW BALANCE,4798,866
1840,1855,MINDWARE,MindWare,4777,180
6330,7296,"UCS, INC.","UCS, INC.",4725,97
187,0170,"UCS, INC.","UCS, INC.",4725,97
9418,,CRABTREE,CRABTREE,4661,54
9600,6752,AMPAD,AMPAD,4618,250
1614926,9179,Visiontron,VISIONTRON,4557,176
12307,,School Health,School Health,4549,189
13129,8042,TRANE,TRANE,4525,266
7662,9870,ETR ASSOCIATES,ETR ASSOCIATES,4437,98
10171,,ETR Associates,ETR ASSOCIATES,4437,98
7606,9520,"EDVOTEK, INC.","EDVOTEK, INC.",4372,274
15316,5826,GARED SPORTS,GARED SPORTS,4291,140
1403745,,Flaghouse,FLAGHOUSE,4283,234
1432019,,Flaghouse,FLAGHOUSE,4283,234
5646,6490,CASCADE ,Cascade,4275,179
1711792,,Vic Firth,Vic Firth,4122,526
1623492,,BADEN SPORTS,BADEN SPORTS,4001,177
9587,,Bacharach ,BACHARACH,3999,201
9544,,Dell Marketing L.P.,DELL MARKETING L.P.,3960,1417
2309,2342,NIKE USA,NIKE USA,3945,3198
13473,,Midwest,Midwest,3868,374
12300,,Midwest,Midwest,3868,374
7914,6721,BOXLIGHT ,BOXLIGHT,3789,1180
7713,T021,Houghton Mifflin Harcourt,Houghton Mifflin Harcourt,3761,468
9942,F109,STECK-VAUGHN                  ,STECK-VAUGHN,3694,102
8059,,ABC,ABC,3688,129
8073,,ABC,ABC,3688,129
12672,5960,RR DONNELLEY,RR DONNELLEY,3678,381
2512,2549,NEWARK ELECTRONICS,NEWARK ELECTRONICS,3464,63
15254,,APPLE,Apple,3348,1535
14757,,Franklin Sports,FRANKLIN SPORTS,3332,126
7084,8384,RAYMOND PRODUCTS,RAYMOND PRODUCTS,3309,139
13801,9478,McDavid,MCDAVID,3306,452
13552,,Gatorade,Gatorade,3258,218
4815,5103,HACH,HACH,3257,517
1623622,,Uline,ULINE,3240,127
15819,,ULINE ,ULINE,3240,127
13850,,Uline,ULINE,3240,127
13694,,ULINE,ULINE,3240,127
4475,4544,"CASIO, INC.","Casio, Inc.",3207,148
1623086,,Movo Photo,Movo Photo,3206,291
13962,9454,Fisher Athletics,FISHER ATHLETICS,3192,798
1623565,,HALO,Halo,3160,369
4392,4454,GOLDEN ARTIST COLORS INC.,Golden Artist Colors Inc.,3149,1
15722,,Henry Schein,HENRY SCHEIN,3105,952
2011,2030,ALADDIN,Aladdin,3085,317
1621015,9342,ALLSTEEL INC,ALLSTEEL INC,3083,428
1623172,,Performance Health,PERFORMANCE HEALTH,3065,112
15597,6296,Aurora Multimedia,Aurora Multimedia,3047,256
902,0890,ELLISON EDUCATIONAL EQUIPMENT,ELLISON EDUCATIONAL EQUIPMENT,2953,330
1711270,,Igloo,Igloo,2918,292
13044,6894,MEDICALESHOP INC.,MEDICALESHOP INC.,2870,98
2497,2533,MONACO,Monaco,2831,141
9910,F077,MERRIAM-WEBSTER               ,Merriam-Webster,2784,136
14054,2837,QVS,QVS,2782,672
13520,,hearlihy,Hearlihy,2742,121
12925,,Hearlihy,Hearlihy,2742,121
5828,6722,KOH-I-NOOR,Koh-I-Noor,2602,207
9900,F067,LAB-AIDS                      ,Lab-Aids,2582,68
1623208,,Kwik Goal,Kwik Goal,2562,501
13907,,Select,Select,2511,245
1623227,,Amazon.com,AMAZON.COM,2506,162
14753,,AMAZON.COM,AMAZON.COM,2506,162
15590,6213,"JOY SYSTEMS, INC.","JOY SYSTEMS, INC.",2502,487
5924,6872,BETCO ,BETCO,2427,631
7530,9355,SCHOLASTIC INC.,SCHOLASTIC INC.,2368,132
7681,9956,HUMAN KINETICS,Human Kinetics,2320,111
8423,T211,Lerner Publishing Group,Lerner Publishing Group,2299,254
8256,,Shopware,Shopware,2250,68
1614893,9129,MAX Cases ,MAX CASES,2227,555
12169,,Cengage Learning,CENGAGE LEARNING,2215,346
1403749,,Cengage Learning,CENGAGE LEARNING,2215,346
1432369,,SAM Labs,Sam Labs,2125,89
1711646,9839,Winco,Winco,2082,251
6564,7549,Virco Inc.,VIRCO INC.,2008,348
8470,,Welch Allyn,Welch Allyn,1985,1273
1117775,R738,VALCOM,VALCOM,1977,740
14902,,US Games,US Games,1965,103
14650,,US Games,US Games,1965,103
14901,,US Games,US Games,1965,103
1711912,9952,Optoma Technology,OPTOMA TECHNOLOGY,1934,577
8076,T168,Walter Foster,Walter Foster,1902,380
3055,3090,BONA US,BONA US,1902,62
11342,1622,ANATOMICAL CHART COMPANY,ANATOMICAL CHART COMPANY,1899,180
9938,F105,SIMON & SCHUSTER              ,Simon & Schuster,1858,140
1610622,,Iron Neck,Iron Neck,1850,70
9153,4966,XPEDX,XPEDX,1848,42
10259,,Learning Seed,LEARNING SEED,1847,139
1432193,8768,SC JOHNSON PROFESSIONAL,SC Johnson Professional,1841,136
4553,4627,B4 BRANDS,B4 BRANDS,1828,74
1566584,8887,CEF,CEF,1809,312
9528,,Stackhouse Athletic Equipment,STACKHOUSE ATHLETIC EQUIPMENT,1802,148
15727,R618,DORMAKABA,DORMAKABA,1792,292
1007,0987,"Educational Innovations, Inc.","EDUCATIONAL INNOVATIONS, INC.",1769,30
4689,4765,LYNN PEAVEY COMPANY,LYNN PEAVEY COMPANY,1738,78
14953,5470,Fun and Function LLC,FUN AND FUNCTION LLC,1628,66
1711213,9689,ViewSonic Corporation ,ViewSonic Corporation,1565,73
366,0344,TOUCHIT TECHNOLOGIES,TOUCHIT TECHNOLOGIES,1540,76
142,0124,SCULPTURE HOUSE,SCULPTURE HOUSE,1505,124
13080,,Cliff Keen,Cliff Keen,1491,66
1429839,,CLIFF KEEN,Cliff Keen,1491,66
10813,,American Red Cross,AMERICAN RED CROSS,1486,104
2830,2866,AMERICAN RED CROSS,AMERICAN RED CROSS,1486,104
1711951,9976,Kutol Products Company,Kutol Products Company,1471,37
1614906,9154,Clear Touch Interactive ,CLEAR TOUCH INTERACTIVE,1460,175
1711699,,SLINGER,Slinger,1412,149
6007,6975,GOAL SPORTING GOODS INC,GOAL SPORTING GOODS INC,1400,42
1711935,9966,PowerGistics,PowerGistics,1393,374
1623136,9463,Tandem Sport,Tandem Sport,1336,35
9926,F093,RANDOM HOUSE                  ,Random House,1329,329
7906,T142,Capstone Press,Capstone Press,1326,242
4167,4219,STC,STC,1321,164
518,0494,EBP SUPPLY SOLUTIONS,EBP SUPPLY SOLUTIONS,1287,28
1429846,,SPORTSFIELD SPECIALTIES,Sportsfield Specialties,1280,29
1711518,T858,PCS,PCS,1257,419
749,0729,KAPCO,KAPCO,1254,95
13692,,WOODWORKERS SUPPLY,Woodworkers Supply,1232,10
15885,,Woodworkers Supply,Woodworkers Supply,1232,10
13927,,Woodworkers Supply,Woodworkers Supply,1232,10
1432296,,woodworkers supply,Woodworkers Supply,1232,10
5175,6019,Paxton Patterson LLC,Paxton Patterson LLC,1224,73
13698,,Mizuno,Mizuno,1210,101
15504,5993,SCHOOLWIDE INC.,Schoolwide Inc.,1210,23
13445,0585,GROUPE LACASSE LLC,GROUPE LACASSE LLC,1176,21
1623360,,Gopher Sport,GOPHER SPORT,1163,38
1117708,7672,Speech Corner,SPEECH CORNER,1161,45
1621085,9428,Certwood Limited ,CERTWOOD LIMITED,1116,94
10154,9771,Pearson Education,Pearson Education,1114,152
7095,8395,DOVER PUBLICATIONS,DOVER PUBLICATIONS,1113,47
14501,,Calculated Industries,Calculated Industries,1111,45
7706,T014,Gibbs Smith,Gibbs Smith,1087,121
1623523,,Accusplit,ACCUSPLIT,1080,38
10160,0839,LAMOTTE COMPANY,LAMOTTE COMPANY,1018,57
7645,9810,BLACK & DECKER,BLACK & DECKER,1005,111
15184,,Staples Advantage,STAPLES ADVANTAGE,952,44
15399,,Patterson Medical,PATTERSON MEDICAL,948,76
13493,,"International EZ-UP, Inc.","INTERNATIONAL EZ-UP, INC.",948,31
12558,7877,FAT BRAIN TOYS ,Fat Brain Toys,914,97
4568,4642,WITTEK GOLF SUPPLY,WITTEK GOLF SUPPLY,885,92
1615020,,EVOSHIELD,EvoShield,871,90
11486,,"Wallcur, Inc.","WALLCUR, INC.",859,19
4068,4115,"WALLCUR, INC.","WALLCUR, INC.",859,19
10970,0601,Bose Corporation,BOSE CORPORATION,857,265
1623224,,UCS,UCS,832,99
1036,1014,INSECT LORE PRODUCTS,INSECT LORE PRODUCTS,831,46
10262,,Lego Education,LEGO EDUCATION,822,79
11192,,Lego Education ,LEGO EDUCATION,822,79
2453,2484,LEGO Education,LEGO EDUCATION,822,79
1615035,,Rock Solid,Rock Solid,819,42
13906,,Porta Phone,Porta Phone,818,59
13013,,Porta Phone,Porta Phone,818,59
14522,,Polar,Polar,815,108
10024,8997,ACCUCUT,AccuCut,812,139
1432423,,Romanoff,Romanoff,802,44
1432234,,Crystal Productions,Crystal Productions,801,178
7940,T161,Crystal Productions,Crystal Productions,801,178
1432379,9440,EZ Flex Sport Mats,EZ Flex Sport Mats,780,26
1434621,8857,MAKEBLOCK,Makeblock,779,117
13034,X784,Midwest Folding Products,MIDWEST FOLDING PRODUCTS,777,164
1623529,,Ultrak,ULTRAK,771,18
1623499,,Beacon Athletics,BEACON ATHLETICS,763,143
1623521,,Beacon Athletics,BEACON ATHLETICS,763,143
1271,1258,GENERAL SUPPLY,General Supply,751,306
3659,3684,XEROX CORPORATION,XEROX CORPORATION,747,109
1394,1390,XEROX CORPORATION,XEROX CORPORATION,747,109
8305,9406,XEROX CORPORATION,XEROX CORPORATION,747,109
12924,,Kelvin,Kelvin,722,84
1621102,,DeMarini,DeMarini,715,101
9427,3720,THE SHERWIN-WILLIAMS COMPANY,The Sherwin-Williams Company,712,197
3075,3108,AFC INDUSTRIES,AFC INDUSTRIES,705,38
13905,2207,Bownet,Bownet,700,26
15377,,MCMASTER-CARR,Mcmaster-carr,688,8
13818,5306,McMaster-Carr,Mcmaster-carr,688,8
61740,7376,KREG TOOL COMPANY,Kreg Tool Company,672,63
15098,,Webstaurant Store,WEBSTAURANT STORE,646,42
1623539,,SKLZ,SKLZ,638,44
12509,X555,TRI-DIM FILTER CORPORATION,Tri-Dim Filter Corporation,634,317
4097,4145,NAZDAR,Nazdar,626,53
12946,,Griffin Greenhouse & Nursery ,GRIFFIN GREENHOUSE & NURSERY,622,3
9886,F053,HEINEMANN                     ,Heinemann,620,29
1610551,8899,MARTIN YALE INDUSTRIES,Martin Yale Industries,613,54
6281,7247,MAJESTIC SALES,MAJESTIC SALES,609,22
9929,F096,RIVERSIDE                     ,Riverside,603,86
1623579,,Bushnell Corporation,BUSHNELL CORPORATION,580,6
2653,2690,"ECONOLINE PRODUCTS, INC","Econoline Products, Inc",569,49
10639,9388,TEACHER GEEK,Teacher Geek,560,37
8945,5854,Yamaha Corporation of America,YAMAHA CORPORATION OF AMERICA,543,222
1623385,9571,Palmer Hamilton LLC ,PALMER HAMILTON LLC,541,20
2083,2102,WOODLAND SCENICS,Woodland Scenics,538,52
3853,3889,BRUSKE PRODUCTS,BRUSKE PRODUCTS,535,63
5505,6353,"BADEN SPORTS, INC.","BADEN SPORTS, INC.",531,33
713,0692,"BADEN SPORTS, INC.","BADEN SPORTS, INC.",531,33
1711314,,NOVUS,NOVUS,506,35
14824,R331,STERICYCLE,STERICYCLE,505,16
4092,4140,BREVIS CORPORATION,BREVIS CORPORATION,501,15
15318,5872,GAMMA SPORTS,GAMMA SPORTS,498,12
7711,T019,Harper Collins,Harper Collins,493,61
1711847,9924,Spacesaver Corporation,SPACESAVER CORPORATION,488,82
1633,1635,DAVIS INSTRUMENTS,Davis Instruments,488,25
1623418,,Arrowhead Forensics,Arrowhead Forensics,474,121
1457,1454,DYNATRONICS CORPORATION,DYNATRONICS CORPORATION,472,41
7471,9215,HAL LEONARD PUBLISHING,HAL LEONARD PUBLISHING,466,216
1623112,,Aries ,Aries,465,90
1711197,T763,"High Point Furniture Industries, Inc ","High Point Furniture Industries, Inc",457,175
11398,2575,ACADEMIC THERAPY PUBLICATIONS,ACADEMIC THERAPY PUBLICATIONS,454,12
10921,,STANDARD,Standard,453,81
9949,F116,WADSWORTH                     ,WADSWORTH,449,20
1427778,,Guardian Innovations,Guardian Innovations,429,74
12798,,Proctor and Gamble,PROCTOR AND GAMBLE,425,352
12802,,Proctor and Gamble,PROCTOR AND GAMBLE,425,352
1403761,,Hydralyte LLC,HYDRALYTE LLC,421,12
7277,8689,RADIO SHACK,RADIO SHACK,419,419
7016,8316,RADIO SHACK,RADIO SHACK,419,419
5466,6314,RADIO SHACK,RADIO SHACK,419,419
6641,7628,RADIO SHACK,RADIO SHACK,419,419
4055,4102,RADIO SHACK,RADIO SHACK,419,419
10653,,Radio Shack,RADIO SHACK,419,419
7120,8514,RADIO SHACK,RADIO SHACK,419,419
12246,,Radio Shack,RADIO SHACK,419,419
8355,5235,DATAPRINT,DataPrint,418,42
15782,,ATEC,ATEC,418,28
1403719,8191,SUPPLYWORKS,SUPPLYWORKS,417,138
1623272,9500,pi-top,PI-TOP,417,75
9906,F073,MATH SOLUTIONS PUBLICATIONS   ,Math Solutions Publications,414,4
7393,904A,CAROLINA BIOLOGICAL SUPPLY CO,Carolina Biological Supply Co,411,6
916,0904,Carolina Biological Supply Co,Carolina Biological Supply Co,411,6
4,0004,Blick Art Materials LLC,BLICK ART MATERIALS LLC,408,4
1623477,,rUSSELL,Russell,406,44
4216,4271,STATE CHEMICAL,STATE CHEMICAL,406,17
2635,2672,STATE CHEMICAL,STATE CHEMICAL,406,17
1623513,,High Five,HIGH FIVE,403,94
1870,1888,FILMS FOR THE HUMANITIES,Films for the Humanities,403,20
1835,1850,STAIRMASTER,STAIRMASTER,403,26
3834,3869,Library Video Company,Library Video Company,395,35
674,0650,PRO-ED,PRO-ED,391,8
4737,5022,ICM CORPORATION,ICM Corporation,390,65
14042,,Hal Leonard,Hal Leonard,384,96
1711651,,Fox,FOX,383,31
537,0513,"Henry Schein, Inc. ","HENRY SCHEIN, INC.",383,19
15275,,SIMONIZ,Simoniz,375,100
443,0420,Veritiv Operating Company ,VERITIV OPERATING COMPANY,370,33
2350,2383,TOP SAFETY PRODUCTS,TOP SAFETY PRODUCTS,367,18
1623328,,PERFECTION,Perfection,366,85
11672,0996,DK PUBLISHING,DK Publishing,363,53
15440,,Spikeball,Spikeball,358,19
1623238,,Perform Better,Perform Better,352,12
1610767,,NIELSEN KELLERMAN,NIELSEN KELLERMAN,350,17
1711929,9962,Stryker,STRYKER,345,145
1432054,,walmart,Walmart,338,19
1614955,,Walmart,Walmart,338,19
1432274,,walmart,Walmart,338,19
1610664,,Walmart,Walmart,338,19
1614954,,Walmart,Walmart,338,19
1620869,,Walmart,Walmart,338,19
1623467,,Go Sports,Go Sports,336,27
10888,,Attainment Company,ATTAINMENT COMPANY,332,88
1711326,,Harman ,Harman,326,55
9957,F124,ZANER-BLOSER                  ,ZANER-BLOSER,321,27
1432380,,VERITIV OPERATING CO,VERITIV OPERATING CO,319,8
1117743,,The Game,THE GAME,316,46
7800,T112,Plume,Plume,314,76
1623278,,Gildan,Gildan,305,10
12706,,KORNEY BOARD AIDS,KORNEY BOARD AIDS,304,21
1432375,,Korney Board Aids,KORNEY BOARD AIDS,304,21
12257,,Korney Board Aids,KORNEY BOARD AIDS,304,21
13512,,unknown,Unknown,294,1
15278,5773,"Molten USA, Inc.","MOLTEN USA, INC.",293,11
9280,,Sports Tutor,Sports Tutor,290,3
10102,,Sports Tutor,Sports Tutor,290,3
2908,2945,SPORTS TUTOR,Sports Tutor,290,3
8397,T190,EDUCATIONAL INSIGHT,EDUCATIONAL INSIGHT,284,2
7757,T072,Sage Publications,SAGE PUBLICATIONS,283,8
6873,7881,KENDALL HUNT PUBLISHING,KENDALL HUNT PUBLISHING,279,17
15852,,Pugg,Pugg,268,14
1432407,,None,None,268,54
7770,,Social Studies School Services,SOCIAL STUDIES SCHOOL SERVICES,266,46
7773,T085,Social Studies School Services,SOCIAL STUDIES SCHOOL SERVICES,266,46
6236,7201,"EDUCATIONAL ACTIVITIES, INC.","Educational Activities, Inc.",263,49
1596,1599,COMPUTERLAND,COMPUTERLAND,261,35
7297,8709,COMPUTERLAND,COMPUTERLAND,261,35
6718,7705,COMPUTERLAND,COMPUTERLAND,261,35
1207,1191,"ATTAINMENT COMPANY, INC.","ATTAINMENT COMPANY, INC.",260,22
7766,T081,Merriam Webster,Merriam Webster,255,16
4888,5287,SELMER,Selmer,250,99
9952,F119,WEST                          ,West,249,6
15679,,Bulbtronics,BULBTRONICS,248,231
14360,5155,BULBTRONICS ,BULBTRONICS,248,231
15315,5825,BRUTE,BRUTE,247,39
1711375,,B&H Photo Video,B&H Photo Video,246,10
1620948,9460,Playlearn USA Inc.,PLAYLEARN USA INC.,244,12
1614896,9134,i3-Technologies ,I3-technologies,243,11
2355,2388,"POWER SYSTEMS, INC.","POWER SYSTEMS, INC.",241,10
1539,1542,FOREST SCIENTIFIC,Forest Scientific,238,23
15097,,Sheffield Pottery,Sheffield Pottery,235,193
1620931,9278,MEDIFY AIR,MEDIFY AIR,229,49
5617,6460,COPE PLASTICS,Cope Plastics,228,17
13450,,"Makerbot Industries, LLC","MAKERBOT INDUSTRIES, LLC",227,148
10004,T678,Focus,Focus,226,222
1623530,,Asics ,Asics,220,14
1544,1547,DCS,DCS,216,17
1620942,9289,Austin Air Systems ,Austin Air Systems,210,13
7962,,KELPRO INC.,KELPRO INC.,205,5
12205,,ELECTRONIX EXPRESS,Electronix Express,196,14
15874,,McMaster Carr,MCMASTER CARR,192,80
15879,,McMaster Carr,MCMASTER CARR,192,80
15880,,McMaster Carr,MCMASTER CARR,192,80
1614986,,Soccer Innovations,SOCCER INNOVATIONS,192,12
15876,,McMaster Carr,MCMASTER CARR,192,80
15875,,McMaster Carr,MCMASTER CARR,192,80
15878,,McMaster Carr,MCMASTER CARR,192,80
7912,T146,Peachpit Press,Peachpit Press,192,48
6479,7447,BOISE CASCADE,Boise Cascade,192,4
15877,,McMaster Carr,MCMASTER CARR,192,80
1711289,,Soccer Innovations,SOCCER INNOVATIONS,192,12
1623176,,Shoot-A-Way,Shoot-A-Way,189,7
1432186,R935,Southern Aluminum ,SOUTHERN ALUMINUM,184,33
3023,3058,ROCHESTER MIDLAND CORP,ROCHESTER MIDLAND CORP,183,96
7666,9883,"Nilfisk, Inc.","NILFISK, INC.",183,20
6475,7442,ROCHESTER MIDLAND CORP,ROCHESTER MIDLAND CORP,183,96
9865,F032,DAVIS                         ,Davis,182,71
12831,,Parco Scientific,Parco Scientific,179,90
8006,,TSI,TSI,179,66
1432000,,Zensah,Zensah,174,30
1711650,9833,Interstate Battery,INTERSTATE BATTERY,174,20
9007,8492,EMTEC,Emtec,170,17
8811,7973,OXFORD UNIVERSITY PRESS,OXFORD UNIVERSITY PRESS,169,10
6355,7321,DIAMOND PRO,Diamond Pro,168,1
1615002,,Zenith,ZENITH,168,154
8757,5492,BEN MEADOWS COMPANY,BEN MEADOWS COMPANY,166,3
1610586,,HeartSmart,Heartsmart,166,4
1610580,,InBody,Inbody,166,4
1610711,,Rogue,Rogue,160,26
1432356,,ATHLETIC EDGE,Athletic Edge,155,49
2749,2786,SPORTS MEDICINE CONCEPTS,SPORTS MEDICINE CONCEPTS,155,6
4827,5208,"WORLD BOOK, INC.","World Book, Inc.",150,4
13667,,Wards science,WARDS SCIENCE,149,4
1768,1782,CENTRAL RESTAURANT PRODUCTS,CENTRAL RESTAURANT PRODUCTS,147,1
5172,6016,MADA MEDICAL PRODUCTS INC,MADA MEDICAL PRODUCTS INC,146,15
7697,T004,Amsco,AMSCO,146,145
10505,,CERAMIC SUPPLY INC,CERAMIC SUPPLY INC,144,11
61732,,Crossover Symmetry,Crossover Symmetry,144,29
8234,T176,WALCH PUBLISHING,Walch Publishing,144,16
5208,6048,EXTRON ELECTRONICS,Extron Electronics,143,29
14772,,UNIQUE SPORTS PRODUCTS,UNIQUE SPORTS PRODUCTS,143,15
582,0558,"GULF OF MAINE, INC.","GULF OF MAINE, INC.",141,2
7290,8702,ACTION MEDIA,ACTION MEDIA                       ,141,31
4503,4575,CRUCIAL TECHNOLOGY,CRUCIAL TECHNOLOGY,140,17
13439,,Growers Supply,Growers Supply,135,9
7577,9448,Steps to Literacy,Steps to Literacy,134,15
13538,,ELMO USA,ELMO USA,134,71
343,0321,"DECKER TAPE PRODUCTS, INC","DECKER TAPE PRODUCTS, INC",134,6
7087,8387,WILDLIFE SUPPLY CO.,WILDLIFE SUPPLY CO.,133,1
1403744,,Knowledge Unlimited Inc,KNOWLEDGE UNLIMITED INC,133,11
2062,2081,HACH COMPANY,HACH COMPANY,133,10
1711641,,Soft Touch Bases,SOFT TOUCH BASES,129,20
4977,5647,THE CERAMIC SHOP,The Ceramic Shop,127,39
13604,,Celebrity,CELEBRITY,127,1
1620936,9283,FILTRATION GROUP,Filtration Group,125,20
13859,,Paper Mart Inc.,PAPER MART INC.,125,14
1615076,9212,MASTERY CODING,MASTERY CODING,116,29
1623186,9468,Kits for Kidz ,Kits For Kidz,116,4
10509,0329,PARALLAX INC,PARALLAX INC,115,5
9210,5838,HIGHLAND PRODUCTS GROUP LLC,HIGHLAND PRODUCTS GROUP LLC,112,28
6390,7357,DOUGLAS INDUSTRIES,DOUGLAS INDUSTRIES,112,28
4641,4717,SMART PRACTICE ,SMART PRACTICE,112,10
6352,7318,"Sportdecals, Inc.","SPORTDECALS, INC.",110,13
12273,,Office Depot,OFFICE DEPOT,110,22
11262,,OFFICE DEPOT ,OFFICE DEPOT,110,22
1432543,,OFFICE DEPOT,OFFICE DEPOT,110,22
10307,,MCM Electronics,MCM ELECTRONICS,108,22
4133,4182,TOOLBOX,TOOLBOX,108,12
9923,F090,PENGUIN                       ,Penguin,108,28
1149,1130,MOORE BUSINESS FORMS,MOORE BUSINESS FORMS,107,38
7230,8637,MOORE BUSINESS FORMS,MOORE BUSINESS FORMS,107,38
6481,7449,LAIRD PLASTICS,LAIRD PLASTICS,106,6
1623271,,Target,TARGET,106,6
1117720,,PERFECT FIT,PERFECT FIT,105,15
13555,,Meritline.com,Meritline.com,103,30
5709,6566,PITNEY BOWES,PITNEY BOWES,103,42
3,0003,"Cascade School Supplies, Inc.","CASCADE SCHOOL SUPPLIES, INC.",101,5
1662,1666,ECOLAB ,ECOLAB,101,24
1711926,9959,Collins ,Collins,101,33
13616,,HOLABIRD SPORTS,HOLABIRD SPORTS,101,6
1764,1778,ECOLAB,Ecolab,101,24
2367,2401,COLLINS SURGICAL,Collins Surgical              ,100,18
14761,,W.B. MASON,W.B. MASON,100,1
1432546,8830,HOT WIRE FOAM FACTORY,Hot Wire Foam Factory,97,9
15041,5533,PICO TURBINE,Pico Turbine,97,8
1615030,9632,Bushnell Outdoor Products,BUSHNELL OUTDOOR PRODUCTS,95,8
12177,,SHIFFLER,SHIFFLER,94,1
1045,1024,Infobase Learning,INFOBASE LEARNING,93,17
1623585,,Defense Soap,DEFENSE SOAP,92,11
4250,4306,RIP-IT SPORTING GOODS,RIP-IT SPORTING GOODS,92,46
1432258,8784,Vivacity Tech PBC ,VIVACITY TECH PBC,92,50
1623586,,Defense Soap,DEFENSE SOAP,92,11
1692,1698,HUMAN RELATIONS MEDIA,HUMAN RELATIONS MEDIA,90,17
8263,T179,QUEUE INC,QUEUE INC,88,9
5813,6706,US SPORTS VIDEO,US Sports Video,88,4
13928,1851,Metropolitan Music,Metropolitan Music,85,17
7361,8942,THE SCIENCE SOURCE,The Science Source,84,14
1711605,,Augusta Sportswear,Augusta Sportswear,84,42
1711607,,Augusta Sportswear,Augusta Sportswear,84,42
1711606,,Augusta Sportswear,Augusta Sportswear,84,42
12731,5976,VERSA PRODUCTS INC.,VERSA PRODUCTS INC.,84,70
14563,,Porter Athletic,PORTER ATHLETIC,82,1
14569,,Porter Athletic,PORTER ATHLETIC,82,1
14993,,CAMEO,CAMEO,81,3
1711880,T974,AGI Repair,AGI REPAIR,77,77
1623092,9415,ROCHESTER 100 INC.,ROCHESTER 100 INC.,75,4
1620864,9237,Sprint Systems of Photography ,Sprint Systems of Photography,72,18
1711796,T936,Exertis Almo,EXERTIS ALMO,72,9
12854,,LIDS TEAM SPORTS,Lids Team Sports,71,4
15611,6466,ADAPTIVE TECH SOLUTIONS,ADAPTIVE TECH SOLUTIONS,69,2
1434585,T246,PEMCO,PEMCO,67,14
7716,T024,Little Brown,Little Brown,64,16
1614950,,Corona Tools,CORONA TOOLS,63,18
7798,T110,Stenhouse Publishers,STENHOUSE PUBLISHERS,62,16
14269,4278,AMERICAN DJ SUPPLY,American DJ Supply,61,7
7781,T093,Perfection Learning ,PERFECTION LEARNING,58,26
14697,,TORO,TORO,57,10
1623100,,BIO-RAD,BIO-RAD,57,47
10297,,Toro,TORO,57,10
10298,,Toro,TORO,57,10
14560,,First Goal LLC,First Goal LLC,56,3
1711304,,JERZEES,Jerzees,56,1
13841,,Slipp-Nott,Slipp-Nott,56,10
11313,1286,FIRST GOAL LLC,First Goal LLC,56,3
10748,,Highsmith,HIGHSMITH,56,8
661,0637,YAMAHA CORP OF AMERICA,YAMAHA CORP OF AMERICA,55,10
14911,,Black Mountain Products,Black Mountain Products,54,6
3425,3446,"QWIZDOM, INC.","QWIZDOM, INC.",52,26
4846,5231,BUSINESS INTERIORS BY STAPLES,BUSINESS INTERIORS BY STAPLES,52,35
7148,8544,MCPC ,MCPC,52,1
4978,5648,BRUNING,BRUNING,50,50
5564,6410,BRUNING,BRUNING,50,50
4732,5017,BRUNING,BRUNING,50,50
12824,,Matco Tools,MATCO TOOLS,50,2
12908,X742,IMPACT ATHLETIC,Impact Athletic,48,7
12996,,EMERGENCY MEDICAL PRODUCTS,EMERGENCY MEDICAL PRODUCTS,48,2
10974,3563,RIFTON EQUIPMENT,RIFTON EQUIPMENT,48,8
12849,6881,TOTAL CONTROL SPORTS,Total Control Sports,48,4
9120,5840,EMERGENCY MEDICAL PRODUCTS,EMERGENCY MEDICAL PRODUCTS,48,2
8681,8292,PRO PERFORMANCE SPORTS,PRO PERFORMANCE SPORTS,45,15
14026,,Rogers Athletic Company,Rogers Athletic Company,44,19
6314,7280,Rogers Athletic Company,Rogers Athletic Company,44,19
1432481,,Rogers Athletic Company,Rogers Athletic Company,44,19
5948,6917,ACCREDITED LOCK SUPPLY CO.,ACCREDITED LOCK SUPPLY CO.,42,3
4432,4501,"Jet Creations, Inc.","JET CREATIONS, INC.",42,1
7939,T160,CRC Press,CRC PRESS,41,1
1570,1573,AMERISPORT,AMERISPORT,41,1
9946,F113,UNIVERSITY OF WASHINGTON PRESS,UNIVERSITY OF WASHINGTON PRESS,41,1
6509,7495,MASTER LOCK CO.,MASTER LOCK CO.,40,40
1432268,,shot sled,Shot Sled,40,2
15227,,UltraClub,Ultraclub,40,5
12493,ED11,ALEX,Alex,40,21
13856,,Longstreth ,Longstreth,39,6
14596,,Longstreth,Longstreth,39,6
13468,,Longstreth,Longstreth,39,6
1711728,,LONGSTRETH,Longstreth,39,6
1711670,,Longstreth,Longstreth,39,6
1429878,,Dick Blick,DICK BLICK,38,3
4500,4571,STANDARD REGISTER,Standard Register,38,4
14519,,Marianna,Marianna,37,1
10939,,INFOGRIP,INFOGRIP,36,6
6778,7776,NATIONAL SPORTING GOODS,NATIONAL SPORTING GOODS,35,10
14829,,Health Edco,HEALTH EDCO,34,3
1634,1636,EME CORPORATION,EME CORPORATION,34,3
1610587,,Health Edco,HEALTH EDCO,34,3
1711732,9872,GMi Companies,GMi Companies,33,33
5146,5824,NORBERT'S ATHLETIC PRODUCTS,NORBERT'S ATHLETIC PRODUCTS,33,1
13458,,Braham Industries,BRAHAM INDUSTRIES,33,2
1623309,9531,"Flashforge USA, Inc.","Flashforge Usa, Inc.",32,8
1432273,,Cisco-Eagle,CISCO-EAGLE,32,1
9996,T670,MEP,MEP,32,2
1623206,,JUGS SPORTS,JUGS SPORTS,32,1
1117776,R739,NEMCO,NEMCO,32,2
1623644,,Port Authority,PORT AUTHORITY,32,16
8968,4876,SCRIBBLES,SCRIBBLES,32,2
14706,5371,Frogg Toggs,FROGG TOGGS,30,1
1432164,8758,NYS INDUSTRIES FOR THE DISABLED,NYS INDUSTRIES FOR THE DISABLED,30,3
14732,,GIA Publications,GIA PUBLICATIONS,30,10
14318,4919,Music Trends,Music Trends,29,6
9878,F045,GOODHEART WILLCOX             ,Goodheart Willcox   ,28,14
1711366,,WIZARD SPORTS ,Wizard Sports,28,1
1610563,8952,Aria Lights,Aria Lights,27,12
1432252,8783,G&G OUTFITTERS,G&G OUTFITTERS,27,3
1615058,,Pocket Radar,Pocket Radar,26,1
12970,,Waterboy,Waterboy,26,1
1529,1531,REA,REA,25,5
10659,,ProjectorQuest,PROJECTORQUEST,24,2
4075,4122,KEY CURRICULUM PRESS,Key Curriculum Press,24,0
10153,,Key Curriculum Press,Key Curriculum Press,24,0
10661,,Projectorquest,PROJECTORQUEST,24,2
7715,T023,Key Curriculum Press,Key Curriculum Press,24,0
2534,2571,BON TOOL COMPANY,BON TOOL COMPANY,24,6
10660,,ProjectorQuest,PROJECTORQUEST,24,2
1432359,,Titleist,Titleist,24,8
7698,T005,Baker & Taylor,Baker & Taylor,24,0
7240,8649,TRIAD,TRIAD,24,9
1664,t204,HUMAN KINETICS PUBLISHERS,HUMAN KINETICS PUBLISHERS,23,12
15837,,Airgas,AIRGAS,22,21
1432293,,Airgas,AIRGAS,22,21
5483,6331,"CHANEY ELECTRONICS, INC.","Chaney Electronics, Inc.",21,11
12956,,Digi-Key Corporation,DIGI-KEY CORPORATION,21,9
7074,8374,DIGI-KEY CORPORATION,DIGI-KEY CORPORATION,21,9
7823,5444,CORPORATE EXPRESS,CORPORATE EXPRESS,20,0
1711621,,Galls,GALLS,20,20
1429879,9475,Stringking,STRINGKING,20,2
11279,,Satco Supply,SATCO SUPPLY,20,5
15495,,Diadora,Diadora,20,10
10526,,SATCO SUPPLY,SATCO SUPPLY,20,5
1623134,,Sams club,SAMS CLUB,20,4
10759,,SATCO SUPPLY,SATCO SUPPLY,20,5
10348,2778,MSC INDUSTRIAL SUPPLY,MSC INDUSTRIAL SUPPLY,20,2
4137,4186,MSC Industrial Supply,MSC INDUSTRIAL SUPPLY,20,2
9736,,Corporate Express,CORPORATE EXPRESS,20,0
9064,,Corporate Express,CORPORATE EXPRESS,20,0
770,0752,"Demco, Inc.","Demco, Inc.",20,10
5182,6023,SATCO SUPPLY,SATCO SUPPLY,20,5
1711624,,Galls,GALLS,20,20
1711622,,Galls,GALLS,20,20
1566560,8870,MAGICAL MICROBES,Magical Microbes,20,2
1711623,,Galls,GALLS,20,20
1167,1148,LONTEX CORPORATION,LONTEX CORPORATION,19,10
704,0683,ORECK COMMERCIAL SALES,ORECK COMMERCIAL SALES,19,1
1432240,,Johnny's Selected Seeds,JOHNNY'S SELECTED SEEDS,19,1
2701,2738,EASTMAN KODAK COMPANY,EASTMAN KODAK COMPANY,19,2
8990,AB12,W.W. NORTON,W.W. NORTON,18,2
12370,,Harrow,Harrow,18,1
4182,4236,GRAYBAR ELECTRIC,GRAYBAR ELECTRIC,18,9
7742,T048,Barron's Educational Series,Barron's Educational Series,17,8
14730,,LOBSTER SPORTS,Lobster Sports,17,1
1432365,8799,"Allied Plastics Co., Inc.","Allied Plastics Co., Inc.",17,0
1711758,,Lobster Sports,Lobster Sports,17,1
1711275,,Northern Tool & Equipment,NORTHERN TOOL & EQUIPMENT,16,4
2583,2619,APOGEE,Apogee,16,8
9506,7667,NORTHERN TOOL & EQUIPMENT,NORTHERN TOOL & EQUIPMENT,16,4
13504,,Unique Sports,Unique Sports,16,2
1508,1509,MEDIA MANAGEMENT & MAGNETICS,MEDIA MANAGEMENT & MAGNETICS,16,7
1711276,,Northern Tool & Equipment,NORTHERN TOOL & EQUIPMENT,16,4
7020,8320,APOGEE,Apogee,16,8
2693,2730,Smart Technologies,Smart Technologies,16,8
6683,7670,COASTAL,Coastal,16,2
1623289,,Tumbl Trak,TUMBL TRAK,16,4
4776,5062,TOWER HOBBIES,Tower Hobbies,16,2
10493,T501,GOOD YEAR BOOKS,Good Year Books,15,0
12832,4569,QOMO HITEVISION,Qomo HiteVision,15,5
2546,2583,Constructive Playthings,Constructive Playthings,15,1
10892,,Learning Zone Express,LEARNING ZONE EXPRESS,14,12
5457,6305,"PELLETS, INC.","Pellets, Inc.",12,4
1711667,9836,DreamSeat,DREAMSEAT,12,2
10937,,HARCOURT,HARCOURT,12,4
1434562,,WWBW,WWBW,12,12
10647,,worthington direct,WORTHINGTON DIRECT,12,1
7670,9888,LAMP SPECIALTIES,LAMP SPECIALTIES,12,1
15413,9474,"Trigon Sports International, Inc","TRIGON SPORTS INTERNATIONAL, INC",12,3
14504,,Maker Shed,Maker Shed,12,6
9883,F050,HARCOURT                      ,HARCOURT,12,4
10645,9981,Worthington Direct,WORTHINGTON DIRECT,12,1
1610669,,Osaka,Osaka,11,2
10550,,Home Depot,HOME DEPOT,10,4
5565,6411,A,A,10,5
2773,281 ,A,A,10,5
7728,T036,Prentice Hall,Prentice Hall,10,3
8223,8411,HOME DEPOT,HOME DEPOT,10,4
4303,4359,AIMS EDUCATION FOUNDATION,AIMS EDUCATION FOUNDATION,10,2
2070,2089,CONNEY SAFETY PRODUCTS,CONNEY SAFETY PRODUCTS,10,1
11143,,Home Depot,HOME DEPOT,10,4
4099,4147,ALLSOP INC.,Allsop Inc.,10,1
10578,,Home Depot,HOME DEPOT,10,4
14721,,Home Depot,HOME DEPOT,10,4
1432340,,Grainger Industrial Supply,GRAINGER INDUSTRIAL SUPPLY,10,1
1432514,8825,HOME DEPOT,HOME DEPOT,10,4
7282,8694,VICON,VICON,10,7
1620894,,Plank Road Publishing,PLANK ROAD PUBLISHING,10,8
11013,,LAB SAFETY SUPPLY INC,LAB SAFETY SUPPLY INC,10,0
3512,3533,GRAINGER INDUSTRIAL SUPPLY,GRAINGER INDUSTRIAL SUPPLY,10,1
1623103,,Home Depot,HOME DEPOT,10,4
5145,5823,"HELLO DIRECT, INC.","HELLO DIRECT, INC.",10,1
10152,,Home Depot,HOME DEPOT,10,4
8241,8410,GRIZZLY INDUSTRIAL,GRIZZLY INDUSTRIAL,10,2
1610748,,Home Depot,HOME DEPOT,10,4
15123,,Home Depot,HOME DEPOT,10,4
1432542,,PLANK ROAD PUBLISHING,PLANK ROAD PUBLISHING,10,8
1610620,,Home Depot,HOME DEPOT,10,4
15188,,Decker,decker,10,8
8666,4778,RELIABLE OFFICE SUPPLIES,Reliable Office Supplies,9,2
1623541,9599,"Teacher Created Materials, Inc.","TEACHER CREATED MATERIALS, INC.",9,1
12083,,"Calico Industries, Inc.","CALICO INDUSTRIES, INC.",9,4
2772,2809,SYSCO FOOD SERVICES,Sysco Food Services,9,1
6631,7618,SPECTRUM CORPORATION,SPECTRUM CORPORATION,9,3
1620966,,PEARSON,Pearson,9,1
11676,,"CALICO INDUSTRIES, INC.","CALICO INDUSTRIES, INC.",9,4
1623647,,Dexas,Dexas,9,3
9110,,"Calico Industries, Inc.","CALICO INDUSTRIES, INC.",9,4
13855,,Unique Photo,UNIQUE PHOTO,9,4
4351,4409,IMAGE SYSTEMS ,IMAGE SYSTEMS,9,9
3489,3507,ROCHESTER-MIDLAND,ROCHESTER-MIDLAND,8,3
3730,3758,FASTENAL COMPANY,FASTENAL COMPANY,8,2
11010,3912,DATAMATION SYSTEMS,Datamation Systems,8,2
12695,,Hillyard,Hillyard,8,1
1429843,8227,"Barcodes, Inc.","BARCODES, INC.",8,1
8741,8430,PROJECT ADVENTURE,PROJECT ADVENTURE,8,2
3418,3439,WESCO DISTRIBUTION INC,WESCO DISTRIBUTION INC,8,2
12697,,HILLYARD,Hillyard,8,1
1711267,,Medco,Medco,8,5
14232,,Project Adventure,PROJECT ADVENTURE,8,2
3292,3314,Fastenal Company,FASTENAL COMPANY,8,2
6518,7503,ASICS AMERICA,ASICS AMERICA,8,2
12699,,HILLYARD,Hillyard,8,1
12696,,HILLYARD,Hillyard,8,1
7892,T139,Remedia,REMEDIA,8,4
4213,4268,COMPETITIVE EDGE ,COMPETITIVE EDGE,8,1
6363,7329,PROJECT ADVENTURE,PROJECT ADVENTURE,8,2
9017,4300,COMPETITIVE EDGE,COMPETITIVE EDGE,8,1
2577,2613,FASTENAL COMPANY ,FASTENAL COMPANY,8,2
3562,3586,MOTOROLA INC.,Motorola Inc.,8,5
14480,,rockler,Rockler,8,1
8933,4836,FASTENAL COMPANY,FASTENAL COMPANY,8,2
10092,4146,PYRAMID MEDIA,PYRAMID MEDIA,7,3
11387,,SNAP-ON TOOLS,SNAP-ON TOOLS,7,1
15710,,ThermoWorks,THERMOWORKS,7,2
3686,3712,Starlite,STARLITE,7,1
761,0741,Collins Sports Medicine,Collins Sports medicine       ,7,2
5833,6727,TOM SMITH,Tom Smith,6,1
13591,,Newegg.com,NEWEGG.COM,6,1
7888,T136,THE COLLEGE BOARD,THE COLLEGE BOARD,6,2
6795,7793,FAUROT FORENSIC PRODUCTS,FAUROT FORENSIC PRODUCTS,6,1
1566594,,Harbor Freight,HARBOR FREIGHT,6,3
1434558,8834,FASTENAL,FASTENAL,5,2
1610609,8965,FASTENAL,FASTENAL,5,2
4132,4181,EKHO BRAND AMERICAS LLC,EKHO Brand Americas LLC,5,0
11437,5195,Fastenal,FASTENAL,5,2
14845,5934,FASTENAL,FASTENAL,5,2
1429854,8229,FASTENAL,FASTENAL,5,2
9348,,Music in Motion,Music in Motion,5,1
1711615,,Blockstar,Blockstar,4,1
2185,2205,BATTERIES PLUS,Batteries Plus,4,2
15304,,REI,REI,4,1
1711730,,Gilman Gear,GILMAN GEAR,4,1
10651,,Quill Corporation,Quill Corporation,4,1
12423,,JIMALAX,Jimalax,4,1
1711365,,GILMAN GEAR ,GILMAN GEAR,4,1
1623268,,Gilman Gear,GILMAN GEAR,4,1
1711710,,Net World Sports,NET WORLD SPORTS,4,1
14664,9593,NET WORLD SPORTS,NET WORLD SPORTS,4,1
14705,,U LINE,U Line,4,1
15886,,jet.com,JET.COM,4,1
6726,7713,ROCHESTER MIDLAND CORP.,ROCHESTER MIDLAND CORP.,4,4
3196,3224,"Indco, Inc.","INDCO, INC.",4,1
1711313,,Heater Sports,Heater Sports,4,2
1623629,,Daktronics,DAKTRONICS,4,1
1427791,,Net World Sports,NET WORLD SPORTS,4,1
1432435,,MF Athletic,MF ATHLETIC,3,3
1621048,9363,The Craft Shop ,THE CRAFT SHOP,3,1
1432030,,Hyperice,Hyperice,3,3
1635,1637,"EDUCATIONAL PRODUCTS, INC.","EDUCATIONAL PRODUCTS, INC.",3,1
1614961,,PASCO Scientific,PASCO Scientific,3,1
1582,1585,Johnstone Supply,JOHNSTONE SUPPLY,3,1
10652,,Quill Corp,QUILL CORP,3,1
1117706,7647,JOHNSTONE SUPPLY,JOHNSTONE SUPPLY,3,1
1711243,,Johnstone Supply,JOHNSTONE SUPPLY,3,1
7820,T132,Concerned Communications,CONCERNED COMMUNICATIONS,3,1
995,0977,Pasco Scientific,PASCO Scientific,3,1
13308,5127,Interlight,INTERLIGHT,3,3
1587,1590,SHERWIN WILLIAMS,SHERWIN WILLIAMS,3,1
1432436,,MF Athletic,MF ATHLETIC,3,3
1623493,,smith,Smith               ,2,1
9229,5112,SAFEGUARD BUSINESS SYSTEMS,SAFEGUARD BUSINESS SYSTEMS,2,1
1623153,,VS Athletics,VS ATHLETICS,2,1
9373,9950,VS ATHLETICS,VS ATHLETICS,2,1
11194,,Vs Athletics,VS ATHLETICS,2,1
9998,T672,Prufrock Press,PRUFROCK PRESS,2,1
3749,3778,SAFEGUARD BUSINESS SYSTEMS,SAFEGUARD BUSINESS SYSTEMS,2,1
1711750,,LOWES,LOWES,2,1
13523,0678,VS ATHLETICS,VS ATHLETICS,2,1
14869,5397,LOWES ,LOWES,2,1
5970,6938,SAF-T-GARD,Saf-T-Gard,2,2
1711941,9971,LGE,LGE,2,2
2796,2832,ROTARY,Rotary              ,2,1
14580,,VS ATHLETICS,VS ATHLETICS,2,1
12757,,Oriental Trading,Oriental Trading,2,1
4972,5642,"Kolstein Music, Inc.","KOLSTEIN MUSIC, INC.",2,1
1427818,,Skilz,Skilz,2,1
15038,R417,SABIC,SABIC               ,2,1
6989,8215,PRUFROCK PRESS,PRUFROCK PRESS,2,1
9449,4976,AQUASCAPE,AQUASCAPE,2,2
10121,,Sargent-Welch,Sargent-Welch,2,1
11471,,LOWES,LOWES,2,1
12794,,Tetra,Tetra,2,1
1882,1900,FUJIFILM NORTH AMERICA CORP,Fujifilm North America Corp,2,1
14491,,Lowes,LOWES,2,1
1429913,,Lowes,LOWES,2,1
5102,5776,ECONOMY HANDICRAFTS,ECONOMY HANDICRAFTS,1,1
1432513,8824,TEAM SILVA ENTERPRISES,TEAM SILVA ENTERPRISES,1,1
5904,6849,"Sheffield Pottery, Inc.","Sheffield Pottery, Inc.",1,1
9121,4985,US FOODS,US Foods,1,1
12954,8090,American Acrylics USA LLC,AMERICAN ACRYLICS USA LLC,1,1
13347,,PASCO,PASCO,1,1
1610858,9163,NATIONAL CENTER FOR YOUTH ISSUES ,National Center for Youth Issues,1,1
8418,T207,Mondo,MONDO,1,1
1711593,9819,GeckoTek,GeckoTek,1,1
